tick,time_s,state,drive_en,lift_btn,dump_btn,estop,comms_raw,comms_filt,fault_latch,fault_reason,fault_code,drive_cmd,lift_cmd,dump_cmd,target_vel,vel,motor_cmd,integ,u_unsat,u_sat,windup_block,lift_p,dump_p
4,0.040,IDLE,0,0,0,0,1,1,0,NONE,0,0,0,0,1.000,0.000000,0.000000,0.000000,0.000000,0.000000,0,0.000000,0.000000
8,0.080,IDLE,0,0,0,0,1,1,0,NONE,0,0,0,0,1.000,0.000000,0.000000,0.000000,0.000000,0.000000,0,0.000000,0.000000
13,0.130,IDLE,0,0,0,0,1,1,0,NONE,0,0,0,0,1.000,0.000000,0.000000,0.000000,0.000000,0.000000,0,0.000000,0.000000
17,0.170,IDLE,0,0,0,0,1,1,0,NONE,0,0,0,0,1.000,0.000000,0.000000,0.000000,0.000000,0.000000,0,0.000000,0.000000
22,0.220,IDLE,0,0,0,0,1,1,0,NONE,0,0,0,0,1.000,0.000000,0.000000,0.000000,0.000000,0.000000,0,0.000000,0.000000
26,0.260,IDLE,0,0,0,0,1,1,0,NONE,0,0,0,0,1.000,0.000000,0.000000,0.000000,0.000000,0.000000,0,0.000000,0.000000
31,0.310,IDLE,0,0,0,0,1,1,0,NONE,0,0,0,0,1.000,0.000000,0.000000,0.000000,0.000000,0.000000,0,0.000000,0.000000
36,0.360,IDLE,0,0,0,0,1,1,0,NONE,0,0,0,0,1.000,0.000000,0.000000,0.000000,0.000000,0.000000,0,0.000000,0.000000
40,0.400,IDLE,0,0,0,0,1,1,0,NONE,0,0,0,0,1.000,0.000000,0.000000,0.000000,0.000000,0.000000,0,0.000000,0.000000
45,0.450,IDLE,0,0,0,0,1,1,0,NONE,0,0,0,0,1.000,0.000000,0.000000,0.000000,0.000000,0.000000,0,0.000000,0.000000
49,0.490,IDLE,0,0,0,0,1,1,0,NONE,0,0,0,0,1.000,0.000000,0.000000,0.000000,0.000000,0.000000,0,0.000000,0.000000
54,0.540,IDLE,0,0,0,0,1,1,0,NONE,0,0,0,0,1.000,0.000000,0.000000,0.000000,0.000000,0.000000,0,0.000000,0.000000
59,0.590,IDLE,0,0,0,0,1,1,0,NONE,0,0,0,0,1.000,0.000000,0.000000,0.000000,0.000000,0.000000,0,0.000000,0.000000
63,0.630,IDLE,0,0,0,0,1,1,0,NONE,0,0,0,0,1.000,0.000000,0.000000,0.000000,0.000000,0.000000,0,0.000000,0.000000
68,0.680,IDLE,0,0,0,0,1,1,0,NONE,0,0,0,0,1.000,0.000000,0.000000,0.000000,0.000000,0.000000,0,0.000000,0.000000
73,0.730,IDLE,0,0,0,0,1,1,0,NONE,0,0,0,0,1.000,0.000000,0.000000,0.000000,0.000000,0.000000,0,0.000000,0.000000
78,0.780,IDLE,0,0,0,0,1,1,0,NONE,0,0,0,0,1.000,0.000000,0.000000,0.000000,0.000000,0.000000,0,0.000000,0.000000
82,0.820,IDLE,0,0,0,0,1,1,0,NONE,0,0,0,0,1.000,0.000000,0.000000,0.000000,0.000000,0.000000,0,0.000000,0.000000
87,0.870,IDLE,0,0,0,0,1,1,0,NONE,0,0,0,0,1.000,0.000000,0.000000,0.000000,0.000000,0.000000,0,0.000000,0.000000
92,0.920,IDLE,0,0,0,0,1,1,0,NONE,0,0,0,0,1.000,0.000000,0.000000,0.000000,0.000000,0.000000,0,0.000000,0.000000
96,0.960,IDLE,0,0,0,0,1,1,0,NONE,0,0,0,0,1.000,0.000000,0.000000,0.000000,0.000000,0.000000,0,0.000000,0.000000
100,1.000,IDLE,0,0,0,0,1,1,0,NONE,0,0,0,0,1.000,0.000000,0.000000,0.000000,0.000000,0.000000,0,0.000000,0.000000
105,1.050,IDLE,1,0,0,0,1,1,0,NONE,0,1,0,0,1.000,0.078571,1.000000,0.000000,0.000000,0.000000,0,0.000000,0.000000
110,1.100,IDLE,1,0,0,0,1,1,0,NONE,0,1,0,0,1.000,0.171598,1.000000,0.000000,0.000000,0.000000,0,0.000000,0.000000
115,1.150,IDLE,1,0,0,0,1,1,0,NONE,0,1,0,0,1.000,0.259175,1.000000,0.000000,0.000000,0.000000,0,0.000000,0.000000
119,1.190,IDLE,1,0,0,0,1,1,0,NONE,0,1,0,0,1.000,0.325528,1.000000,0.000000,0.000000,0.000000,0,0.000000,0.000000
124,1.240,IDLE,1,0,0,0,1,1,0,NONE,0,1,0,0,1.000,0.397667,0.815507,0.000000,0.000000,0.000000,0,0.000000,0.000000
129,1.290,IDLE,1,0,0,0,1,1,0,NONE,0,1,0,0,1.000,0.460914,1.000000,0.000000,0.000000,0.000000,0,0.000000,0.000000
133,1.330,IDLE,1,0,0,0,1,1,0,NONE,0,1,0,0,1.000,0.502194,1.000000,0.000000,0.000000,0.000000,0,0.000000,0.000000
138,1.380,IDLE,1,0,0,0,1,1,0,NONE,0,1,0,0,1.000,0.540156,0.442525,0.000000,0.000000,0.000000,0,0.000000,0.000000
142,1.420,IDLE,1,0,0,0,1,1,0,NONE,0,1,0,0,1.000,0.569078,0.371239,0.000000,0.000000,0.000000,0,0.000000,0.000000
147,1.470,IDLE,1,0,0,0,1,1,0,NONE,0,1,0,0,1.000,0.607034,1.000000,0.000000,0.000000,0.000000,0,0.000000,0.000000
152,1.520,IDLE,1,0,0,0,1,1,0,NONE,0,1,0,0,1.000,0.625842,0.239217,0.000000,0.000000,0.000000,0,0.000000,0.000000
156,1.560,IDLE,1,0,0,0,1,1,0,NONE,0,1,0,0,1.000,0.643681,0.200790,0.000000,0.000000,0.000000,0,0.000000,0.000000
160,1.600,IDLE,1,0,0,0,1,1,0,NONE,0,1,0,0,1.000,0.659351,0.168721,0.000000,0.000000,0.000000,0,0.000000,0.000000
165,1.650,IDLE,1,0,0,0,1,1,0,NONE,0,1,0,0,1.000,0.685100,1.000000,0.000000,0.000000,0.000000,0,0.000000,0.000000
170,1.700,IDLE,1,0,0,0,1,1,0,NONE,0,1,0,0,1.000,0.691049,0.110291,0.000000,0.000000,0.000000,0,0.000000,0.000000
175,1.750,IDLE,1,0,0,0,1,1,0,NONE,0,1,0,0,1.000,0.712960,1.000000,0.000000,0.000000,0.000000,0,0.000000,0.000000
179,1.790,IDLE,1,0,0,0,1,1,0,NONE,0,1,0,0,1.000,0.722123,1.000000,0.000000,0.000000,0.000000,0,0.000000,0.000000
184,1.840,IDLE,1,0,0,0,1,1,0,NONE,0,1,0,0,1.000,0.722916,0.064212,0.000000,0.000000,0.000000,0,0.000000,0.000000
189,1.890,IDLE,1,0,0,0,1,1,0,NONE,0,1,0,0,1.000,0.741416,1.000000,0.000000,0.000000,0.000000,0,0.000000,0.000000
194,1.940,IDLE,1,0,0,0,1,1,0,NONE,0,1,0,0,1.000,0.739955,0.047113,0.000000,0.000000,0.000000,0,0.000000,0.000000
198,1.980,IDLE,1,0,0,0,1,1,0,NONE,0,1,0,0,1.000,0.745848,0.042719,0.000000,0.000000,0.000000,0,0.000000,0.000000
203,2.030,IDLE,1,0,0,0,1,1,0,NONE,0,1,0,0,1.000,0.762307,1.000000,0.000000,0.000000,0.000000,0,0.000000,0.000000
207,2.070,IDLE,1,0,0,0,1,1,0,NONE,0,1,0,0,1.000,0.767358,1.000000,0.000000,0.000000,0.000000,0,0.000000,0.000000
212,2.120,IDLE,1,0,0,0,1,1,0,NONE,0,1,0,0,1.000,0.763528,0.034745,0.000000,0.000000,0.000000,0,0.000000,0.000000
216,2.160,IDLE,1,0,0,0,1,1,0,NONE,0,1,0,0,1.000,0.767932,0.034004,0.000000,0.000000,0.000000,0,0.000000,0.000000
221,2.210,IDLE,1,0,0,0,1,1,0,NONE,0,1,0,0,1.000,0.782848,1.000000,0.000000,0.000000,0.000000,0,0.000000,0.000000
225,2.250,IDLE,1,0,0,0,1,1,0,NONE,0,1,0,0,1.000,0.786787,1.000000,0.000000,0.000000,0.000000,0,0.000000,0.000000
230,2.300,IDLE,1,0,0,0,1,1,0,NONE,0,1,0,0,1.000,0.781765,0.034759,0.000000,0.000000,0.000000,0,0.000000,0.000000
235,2.350,IDLE,1,0,0,0,1,1,0,NONE,0,1,0,0,1.000,0.795934,1.000000,0.000000,0.000000,0.000000,0,0.000000,0.000000
239,2.390,IDLE,1,0,0,0,1,1,0,NONE,0,1,0,0,1.000,0.799359,1.000000,0.000000,0.000000,0.000000,0,0.000000,0.000000
244,2.440,IDLE,1,0,0,0,1,1,0,NONE,0,1,0,0,1.000,0.793814,0.038759,0.000000,0.000000,0.000000,0,0.000000,0.000000
248,2.480,IDLE,1,0,0,0,1,1,0,NONE,0,1,0,0,1.000,0.797016,0.040250,0.000000,0.000000,0.000000,0,0.000000,0.000000
252,2.520,IDLE,1,0,0,0,1,1,0,NONE,0,1,0,0,1.000,0.800129,0.041845,0.000000,0.000000,0.000000,0,0.000000,0.000000
257,2.570,IDLE,1,0,0,0,1,1,0,NONE,0,1,0,0,1.000,0.813523,1.000000,0.000000,0.000000,0.000000,0,0.000000,0.000000
261,2.610,IDLE,1,0,0,0,1,1,0,NONE,0,1,0,0,1.000,0.816445,1.000000,0.000000,0.000000,0.000000,0,0.000000,0.000000
266,2.660,IDLE,1,0,0,0,1,1,0,NONE,0,1,0,0,1.000,0.810427,0.047975,0.000000,0.000000,0.000000,0,0.000000,0.000000
271,2.710,IDLE,1,0,0,0,1,1,0,NONE,0,1,0,0,1.000,0.823462,1.000000,0.000000,0.000000,0.000000,0,0.000000,0.000000
276,2.760,IDLE,1,0,0,0,1,1,0,NONE,0,1,0,0,1.000,0.817303,0.052637,0.000000,0.000000,0.000000,0,0.000000,0.000000
280,2.800,IDLE,1,0,0,0,1,1,0,NONE,0,1,0,0,1.000,0.819959,0.054528,0.000000,0.000000,0.000000,0,0.000000,0.000000
285,2.850,IDLE,1,0,0,0,1,1,0,NONE,0,1,0,0,1.000,0.832693,1.000000,0.000000,0.000000,0.000000,0,0.000000,0.000000
289,2.890,IDLE,1,0,0,0,1,1,0,NONE,0,1,0,0,1.000,0.835219,1.000000,0.000000,0.000000,0.000000,0,0.000000,0.000000
294,2.940,IDLE,1,0,0,0,1,1,0,NONE,0,1,0,0,1.000,0.828871,0.061158,0.000000,0.000000,0.000000,0,0.000000,0.000000
299,2.990,IDLE,1,0,0,0,1,1,0,NONE,0,1,0,0,1.000,0.841342,1.000000,0.000000,0.000000,0.000000,0,0.000000,0.000000
304,3.040,IDLE,1,0,0,0,1,1,0,NONE,0,1,0,0,1.000,0.834910,0.065834,0.000000,0.000000,0.000000,0,0.000000,0.000000
308,3.080,IDLE,1,0,0,0,1,1,0,NONE,0,1,0,0,1.000,0.837255,0.067680,0.000000,0.000000,0.000000,0,0.000000,0.000000
313,3.130,IDLE,1,0,0,0,1,1,0,NONE,0,1,0,0,1.000,0.849488,1.000000,0.000000,0.000000,0.000000,0,0.000000,0.000000
317,3.170,IDLE,1,0,0,0,1,1,0,NONE,0,1,0,0,1.000,0.851731,1.000000,0.000000,0.000000,0.000000,0,0.000000,0.000000
321,3.210,IDLE,1,0,0,0,1,1,0,NONE,0,1,0,0,1.000,0.853938,1.000000,0.000000,0.000000,0.000000,0,0.000000,0.000000
326,3.260,IDLE,1,0,0,0,1,1,0,NONE,0,1,0,0,1.000,0.847353,0.075759,0.000000,0.000000,0.000000,0,0.000000,0.000000
330,3.300,IDLE,1,0,0,0,1,1,0,NONE,0,1,0,0,1.000,0.849501,0.077498,0.000000,0.000000,0.000000,0,0.000000,0.000000
335,3.350,IDLE,1,0,0,0,1,1,0,NONE,0,1,0,0,1.000,0.861396,1.000000,0.000000,0.000000,0.000000,0,0.000000,0.000000
340,3.400,IDLE,1,0,0,0,1,1,0,NONE,0,1,0,0,1.000,0.854727,0.081752,0.000000,0.000000,0.000000,0,0.000000,0.000000
344,3.440,IDLE,1,0,0,0,1,1,0,NONE,0,1,0,0,1.000,0.856762,0.083414,0.000000,0.000000,0.000000,0,0.000000,0.000000
349,3.490,IDLE,1,0,0,0,1,1,0,NONE,0,1,0,0,1.000,0.868461,1.000000,0.000000,0.000000,0.000000,0,0.000000,0.000000
353,3.530,IDLE,1,0,0,0,1,1,0,NONE,0,1,0,0,1.000,0.870411,1.000000,0.000000,0.000000,0.000000,0,0.000000,0.000000
358,3.580,IDLE,1,0,0,0,1,1,0,NONE,0,1,0,0,1.000,0.863645,0.089059,0.000000,0.000000,0.000000,0,0.000000,0.000000
363,3.630,IDLE,1,0,0,0,1,1,0,NONE,0,1,0,0,1.000,0.875159,1.000000,0.000000,0.000000,0.000000,0,0.000000,0.000000
366,3.660,IDLE,1,0,0,0,1,1,0,NONE,0,1,0,0,1.000,0.867417,0.092162,0.000000,0.000000,0.000000,0,0.000000,0.000000
371,3.710,IDLE,1,0,0,0,1,1,0,NONE,0,1,0,0,1.000,0.878830,1.000000,0.000000,0.000000,0.000000,0,0.000000,0.000000
376,3.760,IDLE,1,0,0,0,1,1,0,NONE,0,1,0,0,1.000,0.871975,0.095918,0.000000,0.000000,0.000000,0,0.000000,0.000000
380,3.800,IDLE,1,0,0,0,1,1,0,NONE,0,1,0,0,1.000,0.873751,0.097383,0.000000,0.000000,0.000000,0,0.000000,0.000000
384,3.840,IDLE,1,0,0,0,1,1,0,NONE,0,1,0,0,1.000,0.875500,0.098827,0.000000,0.000000,0.000000,0,0.000000,0.000000
388,3.880,IDLE,1,0,0,0,1,1,0,NONE,0,1,0,0,1.000,0.877224,0.100250,0.000000,0.000000,0.000000,0,0.000000,0.000000
393,3.930,IDLE,1,0,0,0,1,1,0,NONE,0,1,0,0,1.000,0.888374,1.000000,0.000000,0.000000,0.000000,0,0.000000,0.000000
397,3.970,IDLE,1,0,0,0,1,1,0,NONE,0,1,0,0,1.000,0.890027,1.000000,0.000000,0.000000,0.000000,0,0.000000,0.000000
402,4.020,IDLE,1,0,0,0,1,1,0,NONE,0,1,0,0,1.000,0.883056,0.105068,0.000000,0.000000,0.000000,0,0.000000,0.000000
406,4.060,IDLE,1,0,0,0,1,1,0,NONE,0,1,0,0,1.000,0.884667,0.106400,0.000000,0.000000,0.000000,0,0.000000,0.000000
411,4.110,IDLE,1,0,0,0,1,1,0,NONE,0,1,0,0,1.000,0.895619,1.000000,0.000000,0.000000,0.000000,0,0.000000,0.000000
416,4.160,IDLE,1,0,0,0,1,1,0,NONE,0,1,0,0,1.000,0.888591,0.109644,0.000000,0.000000,0.000000,0,0.000000,0.000000
421,4.210,IDLE,1,0,0,0,1,1,0,NONE,0,1,0,0,1.000,0.899438,1.000000,0.000000,0.000000,0.000000,0,0.000000,0.000000
426,4.260,IDLE,1,0,0,0,1,1,0,NONE,0,1,0,0,1.000,0.892371,0.112771,0.000000,0.000000,0.000000,0,0.000000,0.000000
430,4.300,IDLE,1,0,0,0,1,1,0,NONE,0,1,0,0,1.000,0.893844,0.113989,0.000000,0.000000,0.000000,0,0.000000,0.000000
435,4.350,IDLE,1,0,0,0,1,1,0,NONE,0,1,0,0,1.000,0.904552,1.000000,0.000000,0.000000,0.000000,0,0.000000,0.000000
439,4.390,IDLE,1,0,0,0,1,1,0,NONE,0,1,0,0,1.000,0.905964,1.000000,0.000000,0.000000,0.000000,0,0.000000,0.000000
444,4.440,IDLE,1,0,0,0,1,1,0,NONE,0,1,0,0,1.000,0.898830,0.118114,0.000000,0.000000,0.000000,0,0.000000,0.000000
449,4.490,IDLE,1,0,0,0,1,1,0,NONE,0,1,0,0,1.000,0.909405,1.000000,0.000000,0.000000,0.000000,0,0.000000,0.000000
453,4.530,IDLE,1,0,0,0,1,1,0,NONE,0,1,0,0,1.000,0.910745,1.000000,0.000000,0.000000,0.000000,0,0.000000,0.000000
457,4.570,IDLE,1,0,0,0,1,1,0,NONE,0,1,0,0,1.000,0.912066,1.000000,0.000000,0.000000,0.000000,0,0.000000,0.000000
462,4.620,IDLE,1,0,0,0,1,1,0,NONE,0,1,0,0,1.000,0.904869,0.123112,0.000000,0.000000,0.000000,0,0.000000,0.000000
466,4.660,IDLE,1,0,0,0,1,1,0,NONE,0,1,0,0,1.000,0.906157,0.124178,0.000000,0.000000,0.000000,0,0.000000,0.000000
470,4.700,IDLE,1,0,0,0,1,1,0,NONE,0,1,0,0,1.000,0.907426,0.125228,0.000000,0.000000,0.000000,0,0.000000,0.000000
475,4.750,IDLE,1,0,0,0,1,1,0,NONE,0,1,0,0,1.000,0.917772,1.000000,0.000000,0.000000,0.000000,0,0.000000,0.000000
479,4.790,IDLE,1,0,0,0,1,1,0,NONE,0,1,0,0,1.000,0.918989,1.000000,0.000000,0.000000,0.000000,0,0.000000,0.000000
484,4.840,IDLE,1,0,0,0,1,1,0,NONE,0,1,0,0,1.000,0.911721,0.128782,0.000000,0.000000,0.000000,0,0.000000,0.000000
488,4.880,IDLE,1,0,0,0,1,1,0,NONE,0,1,0,0,1.000,0.912908,0.129764,0.000000,0.000000,0.000000,0,0.000000,0.000000
493,4.930,IDLE,1,0,0,0,1,1,0,NONE,0,1,0,0,1.000,0.923108,1.000000,0.000000,0.000000,0.000000,0,0.000000,0.000000
498,4.980,IDLE,1,0,0,0,1,1,0,NONE,0,1,0,0,1.000,0.915798,0.132156,0.000000,0.000000,0.000000,0,0.000000,0.000000
502,5.020,IDLE,1,0,0,0,1,1,0,NONE,0,1,0,0,1.000,0.916924,0.133088,0.000000,0.000000,0.000000,0,0.000000,0.000000
507,5.070,IDLE,1,0,0,0,1,1,0,NONE,0,1,0,0,1.000,0.927017,1.000000,0.000000,0.000000,0.000000,0,0.000000,0.000000
512,5.120,IDLE,1,0,0,0,1,1,0,NONE,0,1,0,0,1.000,0.919667,0.135358,0.000000,0.000000,0.000000,0,0.000000,0.000000
517,5.170,IDLE,1,0,0,0,1,1,0,NONE,0,1,0,0,1.000,0.929687,1.000000,0.000000,0.000000,0.000000,0,0.000000,0.000000
521,5.210,IDLE,1,0,0,0,1,1,0,NONE,0,1,0,0,1.000,0.930728,1.000000,0.000000,0.000000,0.000000,0,0.000000,0.000000
526,5.260,IDLE,1,0,0,0,1,1,0,NONE,0,1,0,0,1.000,0.923340,0.138397,0.000000,0.000000,0.000000,0,0.000000,0.000000
531,5.310,IDLE,1,0,0,0,1,1,0,NONE,0,1,0,0,1.000,0.933262,1.000000,0.000000,0.000000,0.000000,0,0.000000,0.000000
535,5.350,IDLE,1,0,0,0,1,1,0,NONE,0,1,0,0,1.000,0.934249,1.000000,0.000000,0.000000,0.000000,0,0.000000,0.000000
540,5.400,IDLE,1,0,0,0,1,1,0,NONE,0,1,0,0,1.000,0.926825,0.141282,0.000000,0.000000,0.000000,0,0.000000,0.000000
545,5.450,IDLE,1,0,0,0,1,1,0,NONE,0,1,0,0,1.000,0.936655,1.000000,0.000000,0.000000,0.000000,0,0.000000,0.000000
550,5.500,IDLE,1,0,0,0,1,1,0,NONE,0,1,0,0,1.000,0.929206,0.143253,0.000000,0.000000,0.000000,0,0.000000,0.000000
554,5.540,IDLE,1,0,0,0,1,1,0,NONE,0,1,0,0,1.000,0.930134,0.144021,0.000000,0.000000,0.000000,0,0.000000,0.000000
559,5.590,IDLE,1,0,0,0,1,1,0,NONE,0,1,0,0,1.000,0.939876,1.000000,0.000000,0.000000,0.000000,0,0.000000,0.000000
564,5.640,IDLE,1,0,0,0,1,1,0,NONE,0,1,0,0,1.000,0.932394,0.145891,0.000000,0.000000,0.000000,0,0.000000,0.000000
568,5.680,IDLE,1,0,0,0,1,1,0,NONE,0,1,0,0,1.000,0.933274,0.146620,0.000000,0.000000,0.000000,0,0.000000,0.000000
573,5.730,IDLE,1,0,0,0,1,1,0,NONE,0,1,0,0,1.000,0.942932,1.000000,0.000000,0.000000,0.000000,0,0.000000,0.000000
577,5.770,IDLE,1,0,0,0,1,1,0,NONE,0,1,0,0,1.000,0.943777,1.000000,0.000000,0.000000,0.000000,0,0.000000,0.000000
582,5.820,IDLE,1,0,0,0,1,1,0,NONE,0,1,0,0,1.000,0.936255,0.149087,0.000000,0.000000,0.000000,0,0.000000,0.000000
587,5.870,IDLE,1,0,0,0,1,1,0,NONE,0,1,0,0,1.000,0.945834,1.000000,0.000000,0.000000,0.000000,0,0.000000,0.000000
592,5.920,IDLE,1,0,0,0,1,1,0,NONE,0,1,0,0,1.000,0.938291,0.150771,0.000000,0.000000,0.000000,0,0.000000,0.000000
596,5.960,IDLE,1,0,0,0,1,1,0,NONE,0,1,0,0,1.000,0.939084,0.151428,0.000000,0.000000,0.000000,0,0.000000,0.000000
601,6.010,IDLE,1,0,0,0,1,1,0,NONE,0,1,0,0,1.000,0.948588,1.000000,0.000000,0.000000,0.000000,0,0.000000,0.000000
605,6.050,IDLE,1,0,0,0,1,1,0,NONE,0,1,0,0,1.000,0.949348,1.000000,0.000000,0.000000,0.000000,0,0.000000,0.000000
610,6.100,IDLE,1,0,0,0,1,1,0,NONE,0,1,0,0,1.000,0.941770,0.153651,0.000000,0.000000,0.000000,0,0.000000,0.000000
615,6.150,IDLE,1,0,0,0,1,1,0,NONE,0,1,0,0,1.000,0.951202,1.000000,0.000000,0.000000,0.000000,0,0.000000,0.000000
620,6.200,IDLE,1,0,0,0,1,1,0,NONE,0,1,0,0,1.000,0.943604,0.155168,0.000000,0.000000,0.000000,0,0.000000,0.000000
624,6.240,IDLE,1,0,0,0,1,1,0,NONE,0,1,0,0,1.000,0.944319,0.155760,0.000000,0.000000,0.000000,0,0.000000,0.000000
629,6.290,IDLE,1,0,0,0,1,1,0,NONE,0,1,0,0,1.000,0.953683,1.000000,0.000000,0.000000,0.000000,0,0.000000,0.000000
633,6.330,IDLE,1,0,0,0,1,1,0,NONE,0,1,0,0,1.000,0.954368,1.000000,0.000000,0.000000,0.000000,0,0.000000,0.000000
638,6.380,IDLE,1,0,0,0,1,1,0,NONE,0,1,0,0,1.000,0.946738,0.157762,0.000000,0.000000,0.000000,0,0.000000,0.000000
642,6.420,IDLE,1,0,0,0,1,1,0,NONE,0,1,0,0,1.000,0.947406,0.158315,0.000000,0.000000,0.000000,0,0.000000,0.000000
647,6.470,IDLE,1,0,0,0,1,1,0,NONE,0,1,0,0,1.000,0.956688,1.000000,0.000000,0.000000,0.000000,0,0.000000,0.000000
652,6.520,IDLE,1,0,0,0,1,1,0,NONE,0,1,0,0,1.000,0.949034,0.159663,0.000000,0.000000,0.000000,0,0.000000,0.000000
656,6.560,IDLE,1,0,0,0,1,1,0,NONE,0,1,0,0,1.000,0.949669,0.160188,0.000000,0.000000,0.000000,0,0.000000,0.000000
659,6.590,IDLE,1,0,0,0,1,1,0,NONE,0,1,0,0,1.000,0.958582,1.000000,0.000000,0.000000,0.000000,0,0.000000,0.000000
663,6.630,IDLE,1,0,0,0,1,1,0,NONE,0,1,0,0,1.000,0.959195,1.000000,0.000000,0.000000,0.000000,0,0.000000,0.000000
667,6.670,IDLE,1,0,0,0,1,1,0,NONE,0,1,0,0,1.000,0.959799,1.000000,0.000000,0.000000,0.000000,0,0.000000,0.000000
669,6.690,IDLE,1,0,0,0,1,1,0,NONE,0,1,0,0,1.000,0.960098,1.000000,0.000000,0.000000,0.000000,0,0.000000,0.000000
674,6.740,IDLE,1,0,0,0,1,1,0,NONE,0,1,0,0,1.000,0.952409,0.162456,0.000000,0.000000,0.000000,0,0.000000,0.000000
678,6.780,IDLE,1,0,0,0,1,1,0,NONE,0,1,0,0,1.000,0.952993,0.162939,0.000000,0.000000,0.000000,0,0.000000,0.000000
683,6.830,IDLE,1,0,0,0,1,1,0,NONE,0,1,0,0,1.000,0.962126,1.000000,0.000000,0.000000,0.000000,0,0.000000,0.000000
688,6.880,IDLE,1,0,0,0,1,1,0,NONE,0,1,0,0,1.000,0.954417,0.164118,0.000000,0.000000,0.000000,0,0.000000,0.000000
693,6.930,IDLE,1,0,0,0,1,1,0,NONE,0,1,0,0,1.000,0.963512,1.000000,0.000000,0.000000,0.000000,0,0.000000,0.000000
697,6.970,IDLE,1,0,0,0,1,1,0,NONE,0,1,0,0,1.000,0.964052,1.000000,0.000000,0.000000,0.000000,0,0.000000,0.000000
702,7.020,IDLE,1,0,0,0,1,1,0,NONE,0,1,0,0,1.000,0.956323,0.165695,0.000000,0.000000,0.000000,0,0.000000,0.000000
706,7.060,IDLE,1,0,0,0,1,1,0,NONE,0,1,0,0,1.000,0.956849,0.166131,0.000000,0.000000,0.000000,0,0.000000,0.000000
711,7.110,IDLE,1,0,0,0,1,1,0,NONE,0,1,0,0,1.000,0.965880,1.000000,0.000000,0.000000,0.000000,0,0.000000,0.000000
715,7.150,IDLE,1,0,0,0,1,1,0,NONE,0,1,0,0,1.000,0.966384,1.000000,0.000000,0.000000,0.000000,0,0.000000,0.000000
720,7.200,IDLE,1,0,0,0,1,1,0,NONE,0,1,0,0,1.000,0.958631,0.167606,0.000000,0.000000,0.000000,0,0.000000,0.000000
725,7.250,IDLE,1,0,0,0,1,1,0,NONE,0,1,0,0,1.000,0.967614,1.000000,0.000000,0.000000,0.000000,0,0.000000,0.000000
729,7.290,IDLE,1,0,0,0,1,1,0,NONE,0,1,0,0,1.000,0.968094,1.000000,0.000000,0.000000,0.000000,0,0.000000,0.000000
734,7.340,IDLE,1,0,0,0,1,1,0,NONE,0,1,0,0,1.000,0.960323,0.169006,0.000000,0.000000,0.000000,0,0.000000,0.000000
738,7.380,IDLE,1,0,0,0,1,1,0,NONE,0,1,0,0,1.000,0.960790,0.169392,0.000000,0.000000,0.000000,0,0.000000,0.000000
743,7.430,IDLE,1,0,0,0,1,1,0,NONE,0,1,0,0,1.000,0.969716,1.000000,0.000000,0.000000,0.000000,0,0.000000,0.000000
748,7.480,IDLE,1,0,0,0,1,1,0,NONE,0,1,0,0,1.000,0.961929,0.170334,0.000000,0.000000,0.000000,0,0.000000,0.000000
753,7.530,IDLE,1,0,0,0,1,1,0,NONE,0,1,0,0,1.000,0.970824,1.000000,0.000000,0.000000,0.000000,0,0.000000,0.000000
757,7.570,IDLE,1,0,0,0,1,1,0,NONE,0,1,0,0,1.000,0.971255,1.000000,0.000000,0.000000,0.000000,0,0.000000,0.000000
762,7.620,IDLE,1,0,0,0,1,1,0,NONE,0,1,0,0,1.000,0.963452,0.171596,0.000000,0.000000,0.000000,0,0.000000,0.000000
766,7.660,IDLE,1,0,0,0,1,1,0,NONE,0,1,0,0,1.000,0.963874,0.171944,0.000000,0.000000,0.000000,0,0.000000,0.000000
771,7.710,IDLE,1,0,0,0,1,1,0,NONE,0,1,0,0,1.000,0.972717,1.000000,0.000000,0.000000,0.000000,0,0.000000,0.000000
776,7.760,IDLE,1,0,0,0,1,1,0,NONE,0,1,0,0,1.000,0.964899,0.172793,0.000000,0.000000,0.000000,0,0.000000,0.000000
780,7.800,IDLE,1,0,0,0,1,1,0,NONE,0,1,0,0,1.000,0.965299,0.173123,0.000000,0.000000,0.000000,0,0.000000,0.000000
785,7.850,IDLE,1,0,0,0,1,1,0,NONE,0,1,0,0,1.000,0.974104,1.000000,0.000000,0.000000,0.000000,0,0.000000,0.000000
790,7.900,IDLE,1,0,0,0,1,1,0,NONE,0,1,0,0,1.000,0.966272,0.173929,0.000000,0.000000,0.000000,0,0.000000,0.000000
794,7.940,IDLE,1,0,0,0,1,1,0,NONE,0,1,0,0,1.000,0.966651,0.174243,0.000000,0.000000,0.000000,0,0.000000,0.000000
799,7.990,IDLE,1,0,0,0,1,1,0,NONE,0,1,0,0,1.000,0.975421,1.000000,0.000000,0.000000,0.000000,0,0.000000,0.000000
804,8.040,IDLE,1,0,0,0,1,1,0,NONE,0,1,0,0,1.000,0.967575,0.175007,0.000000,0.000000,0.000000,0,0.000000,0.000000
808,8.080,IDLE,1,0,0,0,1,1,0,NONE,0,1,0,0,1.000,0.967935,0.175305,0.000000,0.000000,0.000000,0,0.000000,0.000000
813,8.130,IDLE,1,0,0,0,1,1,0,NONE,0,1,0,0,1.000,0.976670,1.000000,0.000000,0.000000,0.000000,0,0.000000,0.000000
817,8.170,IDLE,1,0,0,0,1,1,0,NONE,0,1,0,0,1.000,0.977015,1.000000,0.000000,0.000000,0.000000,0,0.000000,0.000000
822,8.220,IDLE,1,0,0,0,1,1,0,NONE,0,1,0,0,1.000,0.969154,0.176314,0.000000,0.000000,0.000000,0,0.000000,0.000000
827,8.270,IDLE,1,0,0,0,1,1,0,NONE,0,1,0,0,1.000,0.977856,1.000000,0.000000,0.000000,0.000000,0,0.000000,0.000000
831,8.310,IDLE,1,0,0,0,1,1,0,NONE,0,1,0,0,1.000,0.978184,1.000000,0.000000,0.000000,0.000000,0,0.000000,0.000000
836,8.360,IDLE,1,0,0,0,1,1,0,NONE,0,1,0,0,1.000,0.970310,0.177271,0.000000,0.000000,0.000000,0,0.000000,0.000000
838,8.380,IDLE,1,0,0,0,1,1,0,NONE,0,1,0,0,1.000,0.970471,0.177404,0.000000,0.000000,0.000000,0,0.000000,0.000000
842,8.420,IDLE,1,0,0,0,1,1,0,NONE,0,1,0,0,1.000,0.970788,0.177666,0.000000,0.000000,0.000000,0,0.000000,0.000000
847,8.470,IDLE,1,0,0,0,1,1,0,NONE,0,1,0,0,1.000,0.979447,1.000000,0.000000,0.000000,0.000000,0,0.000000,0.000000
851,8.510,IDLE,1,0,0,0,1,1,0,NONE,0,1,0,0,1.000,0.979751,1.000000,0.000000,0.000000,0.000000,0,0.000000,0.000000
856,8.560,IDLE,1,0,0,0,1,1,0,NONE,0,1,0,0,1.000,0.971861,0.178555,0.000000,0.000000,0.000000,0,0.000000,0.000000
861,8.610,IDLE,1,0,0,0,1,1,0,NONE,0,1,0,0,1.000,0.980492,1.000000,0.000000,0.000000,0.000000,0,0.000000,0.000000
865,8.650,IDLE,1,0,0,0,1,1,0,NONE,0,1,0,0,1.000,0.980781,1.000000,0.000000,0.000000,0.000000,0,0.000000,0.000000
870,8.700,IDLE,1,0,0,0,1,1,0,NONE,0,1,0,0,1.000,0.972880,0.179398,0.000000,0.000000,0.000000,0,0.000000,0.000000
874,8.740,IDLE,1,0,0,0,1,1,0,NONE,0,1,0,0,1.000,0.973162,0.179631,0.000000,0.000000,0.000000,0,0.000000,0.000000
879,8.790,IDLE,1,0,0,0,1,1,0,NONE,0,1,0,0,1.000,0.981758,1.000000,0.000000,0.000000,0.000000,0,0.000000,0.000000
883,8.830,IDLE,1,0,0,0,1,1,0,NONE,0,1,0,0,1.000,0.982028,1.000000,0.000000,0.000000,0.000000,0,0.000000,0.000000
888,8.880,IDLE,1,0,0,0,1,1,0,NONE,0,1,0,0,1.000,0.974114,0.180420,0.000000,0.000000,0.000000,0,0.000000,0.000000
893,8.930,IDLE,1,0,0,0,1,1,0,NONE,0,1,0,0,1.000,0.982685,1.000000,0.000000,0.000000,0.000000,0,0.000000,0.000000
897,8.970,IDLE,1,0,0,0,1,1,0,NONE,0,1,0,0,1.000,0.982941,1.000000,0.000000,0.000000,0.000000,0,0.000000,0.000000
902,9.020,IDLE,1,0,0,0,1,1,0,NONE,0,1,0,0,1.000,0.975019,0.181168,0.000000,0.000000,0.000000,0,0.000000,0.000000
907,9.070,IDLE,1,0,0,0,1,1,0,NONE,0,1,0,0,1.000,0.983565,1.000000,0.000000,0.000000,0.000000,0,0.000000,0.000000
911,9.110,IDLE,1,0,0,0,1,1,0,NONE,0,1,0,0,1.000,0.983809,1.000000,0.000000,0.000000,0.000000,0,0.000000,0.000000
916,9.160,IDLE,1,0,0,0,1,1,0,NONE,0,1,0,0,1.000,0.975877,0.181879,0.000000,0.000000,0.000000,0,0.000000,0.000000
921,9.210,IDLE,1,0,0,0,1,1,0,NONE,0,1,0,0,1.000,0.984401,1.000000,0.000000,0.000000,0.000000,0,0.000000,0.000000
925,9.250,IDLE,1,0,0,0,1,1,0,NONE,0,1,0,0,1.000,0.984632,1.000000,0.000000,0.000000,0.000000,0,0.000000,0.000000
929,9.290,IDLE,1,0,0,0,1,1,0,NONE,0,1,0,0,1.000,0.984859,1.000000,0.000000,0.000000,0.000000,0,0.000000,0.000000
933,9.330,IDLE,1,0,0,0,1,1,0,NONE,0,1,0,0,1.000,0.985083,1.000000,0.000000,0.000000,0.000000,0,0.000000,0.000000
938,9.380,IDLE,1,0,0,0,1,1,0,NONE,0,1,0,0,1.000,0.977139,0.182923,0.000000,0.000000,0.000000,0,0.000000,0.000000
942,9.420,IDLE,1,0,0,0,1,1,0,NONE,0,1,0,0,1.000,0.977357,0.183104,0.000000,0.000000,0.000000,0,0.000000,0.000000
947,9.470,IDLE,1,0,0,0,1,1,0,NONE,0,1,0,0,1.000,0.985842,1.000000,0.000000,0.000000,0.000000,0,0.000000,0.000000
951,9.510,IDLE,1,0,0,0,1,1,0,NONE,0,1,0,0,1.000,0.986051,1.000000,0.000000,0.000000,0.000000,0,0.000000,0.000000
956,9.560,IDLE,1,0,0,0,1,1,0,NONE,0,1,0,0,1.000,0.978097,0.183716,0.000000,0.000000,0.000000,0,0.000000,0.000000
961,9.610,IDLE,1,0,0,0,1,1,0,NONE,0,1,0,0,1.000,0.986562,1.000000,0.000000,0.000000,0.000000,0,0.000000,0.000000
966,9.660,IDLE,1,0,0,0,1,1,0,NONE,0,1,0,0,1.000,0.978602,0.184134,0.000000,0.000000,0.000000,0,0.000000,0.000000
970,9.700,IDLE,1,0,0,0,1,1,0,NONE,0,1,0,0,1.000,0.978799,0.184296,0.000000,0.000000,0.000000,0,0.000000,0.000000
975,9.750,IDLE,1,0,0,0,1,1,0,NONE,0,1,0,0,1.000,0.987245,1.000000,0.000000,0.000000,0.000000,0,0.000000,0.000000
979,9.790,IDLE,1,0,0,0,1,1,0,NONE,0,1,0,0,1.000,0.987434,1.000000,0.000000,0.000000,0.000000,0,0.000000,0.000000
983,9.830,IDLE,1,0,0,0,1,1,0,NONE,0,1,0,0,1.000,0.987619,1.000000,0.000000,0.000000,0.000000,0,0.000000,0.000000
987,9.870,IDLE,1,0,0,0,1,1,0,NONE,0,1,0,0,1.000,0.987803,1.000000,0.000000,0.000000,0.000000,0,0.000000,0.000000
992,9.920,IDLE,1,0,0,0,1,1,0,NONE,0,1,0,0,1.000,0.979830,0.185150,0.000000,0.000000,0.000000,0,0.000000,0.000000
996,9.960,IDLE,1,0,0,0,1,1,0,NONE,0,1,0,0,1.000,0.980009,0.185298,0.000000,0.000000,0.000000,0,0.000000,0.000000
1001,10.010,IDLE,1,0,0,0,1,1,0,NONE,0,1,0,0,1.000,0.988423,1.000000,0.000000,0.000000,0.000000,0,0.000000,0.000000
1006,10.060,IDLE,1,0,0,0,1,1,0,NONE,0,1,0,0,1.000,0.980444,0.185658,0.000000,0.000000,0.000000,0,0.000000,0.000000
1010,10.100,IDLE,1,0,0,0,1,1,0,NONE,0,1,0,0,1.000,0.980614,0.185799,0.000000,0.000000,0.000000,0,0.000000,0.000000
1015,10.150,IDLE,1,0,0,0,1,1,0,NONE,0,1,0,0,1.000,0.989011,1.000000,0.000000,0.000000,0.000000,0,0.000000,0.000000
1019,10.190,IDLE,1,0,0,0,1,1,0,NONE,0,1,0,0,1.000,0.989174,1.000000,0.000000,0.000000,0.000000,0,0.000000,0.000000
1024,10.240,IDLE,1,0,0,0,1,1,0,NONE,0,1,0,0,1.000,0.981188,0.186274,0.000000,0.000000,0.000000,0,0.000000,0.000000
1029,10.290,IDLE,1,0,0,0,1,1,0,NONE,0,1,0,0,1.000,0.989570,1.000000,0.000000,0.000000,0.000000,0,0.000000,0.000000
1034,10.340,IDLE,1,0,0,0,1,1,0,NONE,0,1,0,0,1.000,0.981580,0.186598,0.000000,0.000000,0.000000,0,0.000000,0.000000
1038,10.380,IDLE,1,0,0,0,1,1,0,NONE,0,1,0,0,1.000,0.981732,0.186724,0.000000,0.000000,0.000000,0,0.000000,0.000000
1042,10.420,IDLE,1,0,0,0,1,1,0,NONE,0,1,0,0,1.000,0.981883,0.186849,0.000000,0.000000,0.000000,0,0.000000,0.000000
1047,10.470,IDLE,1,0,0,0,1,1,0,NONE,0,1,0,0,1.000,0.990247,1.000000,0.000000,0.000000,0.000000,0,0.000000,0.000000
1051,10.510,IDLE,1,0,0,0,1,1,0,NONE,0,1,0,0,1.000,0.990391,1.000000,0.000000,0.000000,0.000000,0,0.000000,0.000000
1056,10.560,IDLE,1,0,0,0,1,1,0,NONE,0,1,0,0,1.000,0.982392,0.187271,0.000000,0.000000,0.000000,0,0.000000,0.000000
1061,10.610,IDLE,1,0,0,0,1,1,0,NONE,0,1,0,0,1.000,0.990743,1.000000,0.000000,0.000000,0.000000,0,0.000000,0.000000
1066,10.660,IDLE,1,0,0,0,1,1,0,NONE,0,1,0,0,1.000,0.982740,0.187559,0.000000,0.000000,0.000000,0,0.000000,0.000000
1070,10.700,IDLE,1,0,0,0,1,1,0,NONE,0,1,0,0,1.000,0.982876,0.187671,0.000000,0.000000,0.000000,0,0.000000,0.000000
1075,10.750,IDLE,1,0,0,0,1,1,0,NONE,0,1,0,0,1.000,0.991213,1.000000,0.000000,0.000000,0.000000,0,0.000000,0.000000
1080,10.800,IDLE,1,0,0,0,1,1,0,NONE,0,1,0,0,1.000,0.983206,0.187944,0.000000,0.000000,0.000000,0,0.000000,0.000000
1084,10.840,IDLE,1,0,0,0,1,1,0,NONE,0,1,0,0,1.000,0.983335,0.188051,0.000000,0.000000,0.000000,0,0.000000,0.000000
1089,10.890,IDLE,1,0,0,0,1,1,0,NONE,0,1,0,0,1.000,0.991660,1.000000,0.000000,0.000000,0.000000,0,0.000000,0.000000
1094,10.940,IDLE,1,0,0,0,1,1,0,NONE,0,1,0,0,1.000,0.983648,0.188310,0.000000,0.000000,0.000000,0,0.000000,0.000000
1098,10.980,IDLE,1,0,0,0,1,1,0,NONE,0,1,0,0,1.000,0.983770,0.188411,0.000000,0.000000,0.000000,0,0.000000,0.000000
1103,11.030,IDLE,1,0,0,0,1,1,0,NONE,0,1,0,0,1.000,0.992084,1.000000,0.000000,0.000000,0.000000,0,0.000000,0.000000
1108,11.080,IDLE,1,0,0,0,1,1,0,NONE,0,1,0,0,1.000,0.984068,0.188657,0.000000,0.000000,0.000000,0,0.000000,0.000000
1112,11.120,IDLE,1,0,0,0,1,1,0,NONE,0,1,0,0,1.000,0.984184,0.188753,0.000000,0.000000,0.000000,0,0.000000,0.000000
1117,11.170,IDLE,1,0,0,0,1,1,0,NONE,0,1,0,0,1.000,0.992487,1.000000,0.000000,0.000000,0.000000,0,0.000000,0.000000
1122,11.220,IDLE,1,0,0,0,1,1,0,NONE,0,1,0,0,1.000,0.984466,0.188987,0.000000,0.000000,0.000000,0,0.000000,0.000000
1126,11.260,IDLE,1,0,0,0,1,1,0,NONE,0,1,0,0,1.000,0.984576,0.189078,0.000000,0.000000,0.000000,0,0.000000,0.000000
1131,11.310,IDLE,1,0,0,0,1,1,0,NONE,0,1,0,0,1.000,0.992869,1.000000,0.000000,0.000000,0.000000,0,0.000000,0.000000
1135,11.350,IDLE,1,0,0,0,1,1,0,NONE,0,1,0,0,1.000,0.992974,1.000000,0.000000,0.000000,0.000000,0,0.000000,0.000000
1140,11.400,IDLE,1,0,0,0,1,1,0,NONE,0,1,0,0,1.000,0.984949,0.189386,0.000000,0.000000,0.000000,0,0.000000,0.000000
1144,11.440,IDLE,1,0,0,0,1,1,0,NONE,0,1,0,0,1.000,0.985052,0.189472,0.000000,0.000000,0.000000,0,0.000000,0.000000
1149,11.490,IDLE,1,0,0,0,1,1,0,NONE,0,1,0,0,1.000,0.993331,1.000000,0.000000,0.000000,0.000000,0,0.000000,0.000000
1153,11.530,IDLE,1,0,0,0,1,1,0,NONE,0,1,0,0,1.000,0.993430,1.000000,0.000000,0.000000,0.000000,0,0.000000,0.000000
1158,11.580,IDLE,1,0,0,0,1,1,0,NONE,0,1,0,0,1.000,0.985400,0.189760,0.000000,0.000000,0.000000,0,0.000000,0.000000
1163,11.630,IDLE,1,0,0,0,1,1,0,NONE,0,1,0,0,1.000,0.993670,1.000000,0.000000,0.000000,0.000000,0,0.000000,0.000000
1167,11.670,IDLE,1,0,0,0,1,1,0,NONE,0,1,0,0,1.000,0.993764,1.000000,0.000000,0.000000,0.000000,0,0.000000,0.000000
1172,11.720,IDLE,1,0,0,0,1,1,0,NONE,0,1,0,0,1.000,0.985731,0.190033,0.000000,0.000000,0.000000,0,0.000000,0.000000
1177,11.770,IDLE,1,0,0,0,1,1,0,NONE,0,1,0,0,1.000,0.993992,1.000000,0.000000,0.000000,0.000000,0,0.000000,0.000000
1182,11.820,IDLE,1,0,0,0,1,1,0,NONE,0,1,0,0,1.000,0.985956,0.190220,0.000000,0.000000,0.000000,0,0.000000,0.000000
1187,11.870,IDLE,1,0,0,0,1,1,0,NONE,0,1,0,0,1.000,0.994212,1.000000,0.000000,0.000000,0.000000,0,0.000000,0.000000
1191,11.910,IDLE,1,0,0,0,1,1,0,NONE,0,1,0,0,1.000,0.994298,1.000000,0.000000,0.000000,0.000000,0,0.000000,0.000000
1196,11.960,IDLE,1,0,0,0,1,1,0,NONE,0,1,0,0,1.000,0.986259,0.190471,0.000000,0.000000,0.000000,0,0.000000,0.000000
1201,12.010,IDLE,1,0,0,0,1,1,0,NONE,0,1,0,0,1.000,0.994506,1.000000,0.000000,0.000000,0.000000,0,0.000000,0.000000
1205,12.050,IDLE,1,0,0,0,1,1,0,NONE,0,1,0,0,1.000,0.994588,1.000000,0.000000,0.000000,0.000000,0,0.000000,0.000000
1210,12.100,IDLE,1,0,0,0,1,1,0,NONE,0,1,0,0,1.000,0.986546,0.190708,0.000000,0.000000,0.000000,0,0.000000,0.000000
1214,12.140,IDLE,1,0,0,0,1,1,0,NONE,0,1,0,0,1.000,0.986625,0.190774,0.000000,0.000000,0.000000,0,0.000000,0.000000
1219,12.190,IDLE,1,0,0,0,1,1,0,NONE,0,1,0,0,1.000,0.994863,1.000000,0.000000,0.000000,0.000000,0,0.000000,0.000000
1224,12.240,IDLE,1,0,0,0,1,1,0,NONE,0,1,0,0,1.000,0.986818,0.190933,0.000000,0.000000,0.000000,0,0.000000,0.000000
1229,12.290,IDLE,1,0,0,0,1,1,0,NONE,0,1,0,0,1.000,0.995051,1.000000,0.000000,0.000000,0.000000,0,0.000000,0.000000
1233,12.330,IDLE,1,0,0,0,1,1,0,NONE,0,1,0,0,1.000,0.995124,1.000000,0.000000,0.000000,0.000000,0,0.000000,0.000000
1238,12.380,IDLE,1,0,0,0,1,1,0,NONE,0,1,0,0,1.000,0.987077,0.191147,0.000000,0.000000,0.000000,0,0.000000,0.000000
1243,12.430,IDLE,1,0,0,0,1,1,0,NONE,0,1,0,0,1.000,0.995302,1.000000,0.000000,0.000000,0.000000,0,0.000000,0.000000
1248,12.480,IDLE,1,0,0,0,1,1,0,NONE,0,1,0,0,1.000,0.987253,0.191294,0.000000,0.000000,0.000000,0,0.000000,0.000000
1253,12.530,IDLE,1,0,0,0,1,1,0,NONE,0,1,0,0,1.000,0.995474,1.000000,0.000000,0.000000,0.000000,0,0.000000,0.000000
1257,12.570,IDLE,1,0,0,0,1,1,0,NONE,0,1,0,0,1.000,0.995541,1.000000,0.000000,0.000000,0.000000,0,0.000000,0.000000
1262,12.620,IDLE,1,0,0,0,1,1,0,NONE,0,1,0,0,1.000,0.987490,0.191489,0.000000,0.000000,0.000000,0,0.000000,0.000000
1267,12.670,IDLE,1,0,0,0,1,1,0,NONE,0,1,0,0,1.000,0.995704,1.000000,0.000000,0.000000,0.000000,0,0.000000,0.000000
1271,12.710,IDLE,1,0,0,0,1,1,0,NONE,0,1,0,0,1.000,0.995768,1.000000,0.000000,0.000000,0.000000,0,0.000000,0.000000
1275,12.750,IDLE,1,0,0,0,1,1,0,NONE,0,1,0,0,1.000,0.995830,1.000000,0.000000,0.000000,0.000000,0,0.000000,0.000000
1280,12.800,IDLE,1,0,0,0,1,1,0,NONE,0,1,0,0,1.000,0.987776,0.191726,0.000000,0.000000,0.000000,0,0.000000,0.000000
1284,12.840,IDLE,1,0,0,0,1,1,0,NONE,0,1,0,0,1.000,0.987837,0.191777,0.000000,0.000000,0.000000,0,0.000000,0.000000
1288,12.880,IDLE,1,0,0,0,1,1,0,NONE,0,1,0,0,1.000,0.987897,0.191827,0.000000,0.000000,0.000000,0,0.000000,0.000000
1289,12.890,IDLE,1,0,0,0,1,1,0,NONE,0,1,0,0,1.000,0.996042,1.000000,0.000000,0.000000,0.000000,0,0.000000,0.000000
1293,12.930,IDLE,1,0,0,0,1,1,0,NONE,0,1,0,0,1.000,0.996101,1.000000,0.000000,0.000000,0.000000,0,0.000000,0.000000
1298,12.980,IDLE,1,0,0,0,1,1,0,NONE,0,1,0,0,1.000,0.988044,0.191948,0.000000,0.000000,0.000000,0,0.000000,0.000000
1302,13.020,IDLE,1,0,0,0,1,1,0,NONE,0,1,0,0,1.000,0.988101,0.191995,0.000000,0.000000,0.000000,0,0.000000,0.000000
1307,13.070,IDLE,1,0,0,0,1,1,0,NONE,0,1,0,0,1.000,0.996299,1.000000,0.000000,0.000000,0.000000,0,0.000000,0.000000
1311,13.110,IDLE,1,0,0,0,1,1,0,NONE,0,1,0,0,1.000,0.996354,1.000000,0.000000,0.000000,0.000000,0,0.000000,0.000000
1314,13.140,IDLE,1,0,0,0,1,1,0,NONE,0,1,0,0,1.000,0.988267,0.192133,0.000000,0.000000,0.000000,0,0.000000,0.000000